D001,Departamento 1,E001
D002,Departamento 2,E002
D003,Departamento 3,E003
D004,Departamento 4,E004
D005,Departamento 5,E005
D006,Departamento 6,E006
D007,Departamento 7,E007
D008,Departamento 8,E008
D009,Departamento 9,E009
D010,Departamento 10,E010
D011,Departamento 11,E011
D012,Departamento 12,E012
D013,Departamento 13,E013
D014,Departamento 14,E014
D015,Departamento 15,E015
D016,Departamento 16,E016
D017,Departamento 17,E017
D018,Departamento 18,E018
D019,Departamento 19,E019
D020,Departamento 20,E020
